Workbook

Sheet 1_Dashboard
B2: 📊 SEMESTER PROJECT TRACKER
B3: AI-Powered Travel Sentiment & Trend Analytics Platform
B6: PROJECT INFO | F6: AT A GLANCE
B7: Project Name | C7: AI-Powered Travel Sentiment & Trend Analytics Platform | F7: TASKS DONE | I7: TOTAL HOURS LOGGED
B8: Semester | C8: 7th Semester | F8: 1 | I8: =ROUND(SUM('3_Daily_Log'!D2:D297),1) -> 5
B9: Start Date | C9: 46194
B10: Target End Date | C10: 46316 | F10: OPEN BUGS | I10: TASKS LOGGED
B11: Today's Date | C11: =TODAY() -> 46195 | F11: =COUNTIF('7_Bug_Tracker'!E2:E200,"Open") -> 0 | I11: =COUNTA('3_Daily_Log'!B2:B297) -> 9
B12: Days Remaining | C12: =MAX(0,C10-C9) -> 122
B13: Current Phase | C13: =IFERROR(INDEX('2_Roadmap'!B5:B12,MATCH("In Progress",'2_Roadmap'!E5:E12,0)),"Not started yet") -> Research & Planning
B14: Overall Progress | C14: =IFERROR(AVERAGE('2_Roadmap'!F5:F12),0) -> 0.01875
B16: PHASE PROGRESS | F16: MOTIVATION
B17: Phase | C17: Status | D17: Progress | F17: "The secret of getting ahead is getting started." — Mark Twain Focus on consistency, not perfection. One task at a time, one commit at a time.
B18: ='2_Roadmap'!B5 -> Research & Planning | C18: ='2_Roadmap'!E5 -> In Progress | D18: ='2_Roadmap'!F5 -> 0.15
B19: ='2_Roadmap'!B6 -> Dataset Collection | C19: ='2_Roadmap'!E6 -> Not Started | D19: ='2_Roadmap'!F6 -> 0
B20: ='2_Roadmap'!B7 -> Data Cleaning & Preprocessing | C20: ='2_Roadmap'!E7 -> Not Started | D20: ='2_Roadmap'!F7 -> 0
B21: ='2_Roadmap'!B8 -> NLP Sentiment Analysis | C21: ='2_Roadmap'!E8 -> Not Started | D21: ='2_Roadmap'!F8 -> 0
B22: ='2_Roadmap'!B9 -> Model Training & Evaluation | C22: ='2_Roadmap'!E9 -> Not Started | D22: ='2_Roadmap'!F9 -> 0
B23: ='2_Roadmap'!B10 -> Dashboard / App Development | C23: ='2_Roadmap'!E10 -> Not Started | D23: ='2_Roadmap'!F10 -> 0
B24: ='2_Roadmap'!B11 -> Testing & Documentation | C24: ='2_Roadmap'!E11 -> Not Started | D24: ='2_Roadmap'!F11 -> 0
B25: ='2_Roadmap'!B12 -> Final PPT & Viva Prep | C25: ='2_Roadmap'!E12 -> Not Started | D25: ='2_Roadmap'!F12 -> 0
B27: ANALYTICS SNAPSHOT (see 8_Analytics tab for full detail)

Sheet 2_Roadmap
B2: 🗺️ MASTER ROADMAP
B3: Break the semester into phases. Update Status — Progress % and the Dashboard update automatically.
B4: Phase | C4: Start Date | D4: End Date | E4: Status | F4: Progress % | G4: Notes
B5: Research & Planning | C5: 21 Jun 2026 | D5: 30 Jun 2026 | E5: In Progress | F5: 0.15
B6: Dataset Collection | C6: 01 Jul 2026 | D6: 15 Jul 2026 | E6: Not Started | F6: 0
B7: Data Cleaning & Preprocessing | C7: 16 Jul 2026 | D7: 31 Jul 2026 | E7: Not Started | F7: 0
B8: NLP Sentiment Analysis | C8: 01 Aug 2026 | D8: 20 Aug 2026 | E8: Not Started | F8: 0
B9: Model Training & Evaluation | C9: 21 Aug 2026 | D9: 10 Sep 2026 | E9: Not Started | F9: 0
B10: Dashboard / App Development | C10: 11 Sep 2026 | D10: 30 Sep 2026 | E10: Not Started | F10: 0
B11: Testing & Documentation | C11: 01 Oct 2026 | D11: 12 Oct 2026 | E11: Not Started | F11: 0
B12: Final PPT & Viva Prep | C12: 13 Oct 2026 | D12: 21 Oct 2026 | E12: Not Started | F12: 0
B13: OVERALL | F13: =AVERAGE(F5:F12) -> 0.01875

Sheet 3_Daily_Log
A2: 📝 DAILY WORK LOG
A3: Log every work session here. This sheet powers your Dashboard, Weekly Sprints, and Analytics.
A4: Date | B4: Task | C4: Category | D4: Hours | E4: Status | F4: Difficulty | G4: Notes
A5: 46194 | B5: Discussed project idea and finalized concept | C5: Research | D5: 1 | E5: Done | F5: Easy | G5: AI-Powered Travel Sentiment & Trend Analytics Platform
A6: 46194 | B6: Reviewed 9-day work plan (Week 1 PDF) | C6: Documentation | D6: 0.5 | E6: Done | F6: Easy | G6: Understood Day 1–9 tasks for June 22–30
A7: 46194 | B7: Decided folder structure and created it on E: drive | C7: Coding | D7: 0.5 | E7: Done | F7: Easy | G7: data/raw, data/cleaned, notebooks/, src/preprocessing/, src/utils/
A8: 46194 | B8: Created 3 starter files | C8: Coding | D8: 0.5 | E8: Done | F8: Easy | G8: requirements.txt, .gitignore, README.md
A9: 46194 | B9: Installed Git and configured identity | C9: Coding | D9: 0.5 | E9: Done | F9: Easy | G9: Name: Krishna, email: krishnagondaliya034@gmail.com
A10: 46194 | B10: Created GitHub repo and connected local project | C10: Github | D10: 1 | E10: Done | F10: Medium | G10: github.com/Krishnaaa0811/travel-sentiment-analytics
A11: 46194 | B11: Made first commit and pushed to GitHub | C11: Github | D11: 0.5 | E11: Done | F11: Medium | G11: Commit: "Initial project structure with folders, README, gitignore"
A12: 46194 | B12: Created Practice folder separately | C12: Coding | D12: 0.5 | E12: Done | F12: Easy | G12: E:\Practice\01_python_basics\ — outside main repo

Sheet 4_Weekly_Sprints
B2: 🏁 WEEKLY SPRINT TRACKER
B3: Set a goal each week, then check real progress. Hours Logged pulls automatically from Daily Log.
B4: Week # | C4: Start Date | D4: End Date | E4: Weekly Goal | F4: Hours Logged | G4: Completion % | H4: Reflection / Notes
B5: 1 | C5: 46194 | D5: 46203 | E5: Set up project structure, repo, and tracker | F5: =SUMIFS('3_Daily_Log'!$D$5:$D$297,'3_Daily_Log'!$A$5:$A$297,">="&C5,'3_Daily_Log'!$A$5:$A$297,"<="&D5) -> 5 | G5: 0.3 | H5: done
B6: 2 | C6: 46204 | D6: 46207 | F6: =SUMIFS('3_Daily_Log'!$D$5:$D$297,'3_Daily_Log'!$A$5:$A$297,">="&C6,'3_Daily_Log'!$A$5:$A$297,"<="&D6) -> 0 | G6: 0
B7: 3 | C7: 46208 | D7: 46214 | F7: =SUMIFS('3_Daily_Log'!$D$5:$D$297,'3_Daily_Log'!$A$5:$A$297,">="&C7,'3_Daily_Log'!$A$5:$A$297,"<="&D7) -> 0 | G7: 0
B8: 4 | C8: 46215 | D8: 46221 | F8: =SUMIFS('3_Daily_Log'!$D$5:$D$297,'3_Daily_Log'!$A$5:$A$297,">="&C8,'3_Daily_Log'!$A$5:$A$297,"<="&D8) -> 0 | G8: 0
B9: 5 | C9: 46222 | D9: 46228 | F9: =SUMIFS('3_Daily_Log'!$D$5:$D$297,'3_Daily_Log'!$A$5:$A$297,">="&C9,'3_Daily_Log'!$A$5:$A$297,"<="&D9) -> 0 | G9: 0
B10: 6 | C10: 46229 | D10: 46235 | F10: =SUMIFS('3_Daily_Log'!$D$5:$D$297,'3_Daily_Log'!$A$5:$A$297,">="&C10,'3_Daily_Log'!$A$5:$A$297,"<="&D10) -> 0 | G10: 0
B11: 7 | C11: 46236 | D11: 46242 | F11: =SUMIFS('3_Daily_Log'!$D$5:$D$297,'3_Daily_Log'!$A$5:$A$297,">="&C11,'3_Daily_Log'!$A$5:$A$297,"<="&D11) -> 0 | G11: 0
B12: 8 | C12: 46243 | D12: 46249 | F12: =SUMIFS('3_Daily_Log'!$D$5:$D$297,'3_Daily_Log'!$A$5:$A$297,">="&C12,'3_Daily_Log'!$A$5:$A$297,"<="&D12) -> 0 | G12: 0
B13: 9 | C13: 46250 | D13: 46256 | F13: =SUMIFS('3_Daily_Log'!$D$5:$D$297,'3_Daily_Log'!$A$5:$A$297,">="&C13,'3_Daily_Log'!$A$5:$A$297,"<="&D13) -> 0 | G13: 0
B14: 10 | C14: 46257 | D14: 46263 | F14: =SUMIFS('3_Daily_Log'!$D$5:$D$297,'3_Daily_Log'!$A$5:$A$297,">="&C14,'3_Daily_Log'!$A$5:$A$297,"<="&D14) -> 0 | G14: 0
B15: 11 | C15: 46264 | D15: 46270 | F15: =SUMIFS('3_Daily_Log'!$D$5:$D$297,'3_Daily_Log'!$A$5:$A$297,">="&C15,'3_Daily_Log'!$A$5:$A$297,"<="&D15) -> 0 | G15: 0
B16: 12 | C16: 46271 | D16: 46277 | F16: =SUMIFS('3_Daily_Log'!$D$5:$D$297,'3_Daily_Log'!$A$5:$A$297,">="&C16,'3_Daily_Log'!$A$5:$A$297,"<="&D16) -> 0 | G16: 0
B17: 13 | C17: 46278 | D17: 46284 | F17: =SUMIFS('3_Daily_Log'!$D$5:$D$297,'3_Daily_Log'!$A$5:$A$297,">="&C17,'3_Daily_Log'!$A$5:$A$297,"<="&D17) -> 0 | G17: 0
... B21: 17 | C21: 46306 | D21: 46312 | F21: =SUMIFS('3_Daily_Log'!$D$5:$D$297,'3_Daily_Log'!$A$5:$A$297,">="&C21,'3_Daily_Log'!$A$5:$A$297,"<="&D21) -> 0 | G21: 0

Sheet 5_Skills_Tracker
B2: 🎯 SKILLS PROGRESS TRACKER
B3: Track how each skill is growing across the semester.
B4: Skill | C4: Level Before | D4: Current Level | E4: Target Level | F4: Progress | G4: Notes
B5: Python | C5: Beginner | D5: Beginner | E5: Advanced | F5: =IFERROR((MATCH(D5,{"Beginner","Intermediate","Advanced","Expert"},0)-1)/(MATCH(E5,{"Beginner","Intermediate","Advanced","Expert"},0)-1),0) -> 0
B6: Pandas / NumPy | C6: Beginner | D6: Beginner | E6: Advanced | F6: =IFERROR((MATCH(D6,{"Beginner","Intermediate","Advanced","Expert"},0)-1)/(MATCH(E6,{"Beginner","Intermediate","Advanced","Expert"},0)-1),0) -> 0
B7: NLP (NLTK/spaCy/Transformers) | C7: Beginner | D7: Beginner | E7: Advanced | F7: =IFERROR((MATCH(D7,{"Beginner","Intermediate","Advanced","Expert"},0)-1)/(MATCH(E7,{"Beginner","Intermediate","Advanced","Expert"},0)-1),0) -> 0
B8: REST APIs / Web Scraping | C8: Beginner | D8: Beginner | E8: Intermediate | F8: =IFERROR((MATCH(D8,{"Beginner","Intermediate","Advanced","Expert"},0)-1)/(MATCH(E8,{"Beginner","Intermediate","Advanced","Expert"},0)-1),0) -> 0
B9: Machine Learning | C9: Beginner | D9: Beginner | E9: Advanced | F9: =IFERROR((MATCH(D9,{"Beginner","Intermediate","Advanced","Expert"},0)-1)/(MATCH(E9,{"Beginner","Intermediate","Advanced","Expert"},0)-1),0) -> 0
B10: Streamlit / Dashboarding | C10: Beginner | D10: Beginner | E10: Intermediate | F10: =IFERROR((MATCH(D10,{"Beginner","Intermediate","Advanced","Expert"},0)-1)/(MATCH(E10,{"Beginner","Intermediate","Advanced","Expert"},0)-1),0) -> 0
B11: Power BI / Data Viz | C11: Beginner | D11: Beginner | E11: Intermediate | F11: =IFERROR((MATCH(D11,{"Beginner","Intermediate","Advanced","Expert"},0)-1)/(MATCH(E11,{"Beginner","Intermediate","Advanced","Expert"},0)-1),0) -> 0
B12: Git / GitHub | C12: Intermediate | D12: Beginner | E12: Advanced | F12: =IFERROR((MATCH(D12,{"Beginner","Intermediate","Advanced","Expert"},0)-1)/(MATCH(E12,{"Beginner","Intermediate","Advanced","Expert"},0)-1),0) -> 0
B13: SQL | C13: Beginner | D13: Beginner | E13: Intermediate | F13: =IFERROR((MATCH(D13,{"Beginner","Intermediate","Advanced","Expert"},0)-1)/(MATCH(E13,{"Beginner","Intermediate","Advanced","Expert"},0)-1),0) -> 0
B14: Technical Writing / Docs | C14: Intermediate | D14: Beginner | E14: Advanced | F14: =IFERROR((MATCH(D14,{"Beginner","Intermediate","Advanced","Expert"},0)-1)/(MATCH(E14,{"Beginner","Intermediate","Advanced","Expert"},0)-1),0) -> 0

Sheet 6_Datasets_APIs
B2: 🗂️ DATASETS & APIs TRACKER
B3: Keep track of every data source — what it is, its status, and where it stands.
B4: Source | C4: Type | D4: Records / Size | E4: Status | F4: Date Added | G4: Notes

Sheet 7_Bug_Tracker
B2: 🐞 BUG & ERROR TRACKER
B3: Every error you hit, logged. Future-you will thank present-you.
B4: Date | C4: Error | D4: Cause | E4: Status | F4: Solution

Sheet 8_GitHub_Tracker
B2: 💻 GITHUB TRACKER
B3: Log commits and milestones. Keeps your repo history meaningful for your final report.
B4: Date | C4: Commit Message | D4: Branch | E4: Type | F4: Notes
B5: 46194 | C5: Initial project structure with folders, README, gitignore, and requirements | D5: Main | E5: Milestone | F5: First ever commit — repo live at github.com/Krishnaaa0811/travel-sentiment-analytics

Sheet 9_Analytics
A1: 📈 ANALYTICS DASHBOARD
A2: Auto-generated from your Daily Log and Roadmap. Nothing to fill in here — just watch it update.
A3: HOURS LOGGED PER WEEK
A4: Week | B4: Hours | C4: TASK STATUS BREAKDOWN (WITH COUNT)
A5: ="W"&'4_Weekly_Sprints'!B5 -> W1 | B5: ='4_Weekly_Sprints'!F5 -> 5 | C5: Done | D5: 5
A6: ="W"&'4_Weekly_Sprints'!B6 -> W2 | B6: 0 | C6: In Progress | D6: 0
A7: ="W"&'4_Weekly_Sprints'!B7 -> W3 | B7: ='4_Weekly_Sprints'!F7 -> 0 | C7: Not Started | D7: 0
A8: ="W"&'4_Weekly_Sprints'!B8 -> W4 | B8: ='4_Weekly_Sprints'!F8 -> 0 | C8: Blocked | D8: 0
A9: ="W"&'4_Weekly_Sprints'!B9 -> W5 | B9: ='4_Weekly_Sprints'!F9 -> 0 | C9: HOURS BY CATEGORY
A10: ="W"&'4_Weekly_Sprints'!B10 -> W6 | B10: ='4_Weekly_Sprints'!F10 -> 0 | C10: Category | D10: Hours
A11: ="W"&'4_Weekly_Sprints'!B11 -> W7 | B11: ='4_Weekly_Sprints'!F11 -> 0 | C11: Research | D11: =SUMIF('3_Daily_Log'!$C$5:$C$297,"Research",'3_Daily_Log'!$D$5:$D$297) -> 1
A12: ="W"&'4_Weekly_Sprints'!B12 -> W8 | B12: ='4_Weekly_Sprints'!F12 -> 0 | C12: Coding | D12: 0
A13: ="W"&'4_Weekly_Sprints'!B13 -> W9 | B13: ='4_Weekly_Sprints'!F13 -> 0 | C13: Data Collection | D13: 0
A14: ="W"&'4_Weekly_Sprints'!B14 -> W10 | B14: ='4_Weekly_Sprints'!F14 -> 0 | C14: Data Cleaning | D14: =SUMIF('3_Daily_Log'!$C$5:$C$297,"Data Cleaning",'3_Daily_Log'!$D$5:$D$297) -> 0
A15: ="W"&'4_Weekly_Sprints'!B15 -> W11 | B15: ='4_Weekly_Sprints'!F15 -> 0 | C15: NLP/ML | D15: =SUMIF('3_Daily_Log'!$C$5:$C$297,"NLP/ML",'3_Daily_Log'!$D$5:$D$297) -> 0
A16: ="W"&'4_Weekly_Sprints'!B16 -> W12 | B16: ='4_Weekly_Sprints'!F16 -> 0 | C16: Dashboard/App | D16: =SUMIF('3_Daily_Log'!$C$5:$C$297,"Dashboard/App",'3_Daily_Log'!$D$5:$D$297) -> 0
A17: ="W"&'4_Weekly_Sprints'!B17 -> W13 | B17: ='4_Weekly_Sprints'!F17 -> 0 | C17: Testing | D17: =SUMIF('3_Daily_Log'!$C$5:$C$297,"Testing",'3_Daily_Log'!$D$5:$D$297) -> 0
A18: ="W"&'4_Weekly_Sprints'!B18 -> W14 | B18: ='4_Weekly_Sprints'!F18 -> 0 | C18: Documentation | D18: =SUMIF('3_Daily_Log'!$C$5:$C$297,"Documentation",'3_Daily_Log'!$D$5:$D$297) -> 0.5
A19: ="W"&'4_Weekly_Sprints'!B19 -> W15 | B19: ='4_Weekly_Sprints'!F19 -> 0 | C19: GitHub | D19: 2
A20: ="W"&'4_Weekly_Sprints'!B20 -> W16 | B20: ='4_Weekly_Sprints'!F20 -> 0 | C20: Meeting/Review | D20: =SUMIF('3_Daily_Log'!$C$5:$C$297,"Meeting/Review",'3_Daily_Log'!$D$5:$D$297) -> 0
A21: ="W"&'4_Weekly_Sprints'!B21 -> W17 | B21: ='4_Weekly_Sprints'!F21 -> 0 | C21: Other | D21: =SUMIF('3_Daily_Log'!$C$5:$C$297,"Other",'3_Daily_Log'!$D$5:$D$297) -> 0
A22: PHASE PROGRESS %
A23: Phase | B23: Progress
A24: ='2_Roadmap'!B5 -> Research & Planning | B24: ='2_Roadmap'!F5 -> 0.15
A25: ='2_Roadmap'!B6 -> Dataset Collection | B25: 0
A26: ='2_Roadmap'!B7 -> Data Cleaning & Preprocessing | B26: ='2_Roadmap'!F7 -> 0
A27: ='2_Roadmap'!B8 -> NLP Sentiment Analysis | B27: ='2_Roadmap'!F8 -> 0
A28: ='2_Roadmap'!B9 -> Model Training & Evaluation | B28: ='2_Roadmap'!F9 -> 0
A29: ='2_Roadmap'!B10 -> Dashboard / App Development | B29: ='2_Roadmap'!F10 -> 0
A30: ='2_Roadmap'!B11 -> Testing & Documentation | B30: ='2_Roadmap'!F11 -> 0
A31: ='2_Roadmap'!B12 -> Final PPT & Viva Prep | B31: ='2_Roadmap'!F12 -> 0
